"region","relative_productivity"
"E CRS (850–1040)",0.49542899184102046
"L CRS (1040–1150)",0.6146562710920221
"P CRS (1150–1300)",0.505612140544579
"VEPIIN (850–1300)",1.0000000000000013
